{
  "model_name": "RandomForest",
  "model_type": "RandomForestClassifier",
  "features": [
    "amount",
    "avg_spending",
    "hour",
    "frequency_score",
    "amount_to_avg_ratio",
    "is_high_amount",
    "is_unusual_hour",
    "amount_log",
    "spending_deviation"
  ],
  "n_features": 9,
  "training_date": "2026-03-25T16:46:33.391502",
  "n_training_samples": 32000,
  "n_test_samples": 8000,
  "fraud_ratio": 0.05,
  "metrics": {
    "precision": 0.11915412769418463,
    "recall": 0.7325,
    "f1_score": 0.204966771598461,
    "roc_auc": 0.807686677631579,
    "pr_auc": 0.20679530136695518,
    "confusion_matrix": {
      "tn": 5434,
      "fp": 2166,
      "fn": 107,
      "tp": 293
    },
    "classification_report": {
      "Normal": {
        "precision": 0.9806894062443602,
        "recall": 0.715,
        "f1-score": 0.8270299063998173,
        "support": 7600.0
      },
      "Fraud": {
        "precision": 0.11915412769418463,
        "recall": 0.7325,
        "f1-score": 0.204966771598461,
        "support": 400.0
      },
      "accuracy": 0.715875,
      "macro avg": {
        "precision": 0.5499217669692724,
        "recall": 0.72375,
        "f1-score": 0.5159983389991392,
        "support": 8000.0
      },
      "weighted avg": {
        "precision": 0.9376126423168514,
        "recall": 0.715875,
        "f1-score": 0.7959267496597495,
        "support": 8000.0
      }
    }
  },
  "thresholds": {
    "high": 0.55,
    "medium": 0.40,
    "default": 0.55
  },
  "all_model_results": {
    "RandomForest": {
      "metrics": {
        "precision": 0.11915412769418463,
        "recall": 0.7325,
        "f1_score": 0.204966771598461,
        "roc_auc": 0.807686677631579,
        "pr_auc": 0.20679530136695518,
        "confusion_matrix": {
          "tn": 5434,
          "fp": 2166,
          "fn": 107,
          "tp": 293
        },
        "classification_report": {
          "Normal": {
            "precision": 0.9806894062443602,
            "recall": 0.715,
            "f1-score": 0.8270299063998173,
            "support": 7600.0
          },
          "Fraud": {
            "precision": 0.11915412769418463,
            "recall": 0.7325,
            "f1-score": 0.204966771598461,
            "support": 400.0
          },
          "accuracy": 0.715875,
          "macro avg": {
            "precision": 0.5499217669692724,
            "recall": 0.72375,
            "f1-score": 0.5159983389991392,
            "support": 8000.0
          },
          "weighted avg": {
            "precision": 0.9376126423168514,
            "recall": 0.715875,
            "f1-score": 0.7959267496597495,
            "support": 8000.0
          }
        }
      }
    },
    "LogisticRegression": {
      "metrics": {
        "precision": 0.10592025775271849,
        "recall": 0.6575,
        "f1_score": 0.1824488380159556,
        "roc_auc": 0.7737835526315789,
        "pr_auc": 0.18766532576082584,
        "confusion_matrix": {
          "tn": 5380,
          "fp": 2220,
          "fn": 137,
          "tp": 263
        },
        "classification_report": {
          "Normal": {
            "precision": 0.9751676635852818,
            "recall": 0.7078947368421052,
            "f1-score": 0.8203095219943585,
            "support": 7600.0
          },
          "Fraud": {
            "precision": 0.10592025775271849,
            "recall": 0.6575,
            "f1-score": 0.1824488380159556,
            "support": 400.0
          },
          "accuracy": 0.705375,
          "macro avg": {
            "precision": 0.5405439606690001,
            "recall": 0.6826973684210527,
            "f1-score": 0.501379180005157,
            "support": 8000.0
          },
          "weighted avg": {
            "precision": 0.9317052932936537,
            "recall": 0.705375,
            "f1-score": 0.7884164877954384,
            "support": 8000.0
          }
        }
      }
    }
  }
}